{
  "Abbesses": [
    48.8848041,
    2.3386421
  ],
  "Alexandre Dumas": [
    48.8563002,
    2.3944412
  ],
  "Alma Marceau": [
    48.8648683,
    2.300292
  ],
  "Alésia": [
    48.8280318,
    2.3270406
  ],
  "Anatole France": [
    48.8573464,
    2.2963702
  ],
  "Anvers": [
    48.8828803,
    2.3442565
  ],
  "Argentine": [
    48.8753357,
    2.2901322
  ],
  "Arts et Métiers": [
    48.8654718,
    2.3561116
  ],
  "Assemblée Nationale": [
    48.8617609,
    2.3179739
  ],
  "Avenue Émile Zola": [
    48.8469751,
    2.2953222
  ],
  "Avron": [
    48.851501,
    2.3982195
  ],
  "Barbès Rochechouart": [
    48.8837466,
    2.3496958
  ],
  "Bastille": [
    48.852987,
    2.3688579
  ],
  "Bel Air": [
    48.8413382,
    2.4009129
  ],
  "Belleville": [
    48.8717265,
    2.385085
  ],
  "Bercy": [
    48.8391964,
    2.382849
  ],
  "Billancourt": [
    48.8349823,
    2.2549852
  ],
  "Bir-Hakeim": [
    48.8538898,
    2.2893811
  ],
  "Blanche": [
    48.8835274,
    2.3335853
  ],
  "Bobigny, Pablo Picasso": [
    48.9012723,
    2.4552962
  ],
  "Boissière": [
    48.8670421,
    2.2900911
  ],
  "Bolivar": [
    48.8809263,
    2.3739077
  ],
  "Bonne Nouvelle": [
    48.8705324,
    2.3487457
  ],
  "Botzaris": [
    48.879514,
    2.3885871
  ],
  "Boucicaut": [
    48.8410837,
    2.2879218
  ],
  "Bourse": [
    48.868743,
    2.341688
  ],
  "Brochant": [
    48.8905757,
    2.3202004
  ],
  "Bréguet-Sabin": [
    48.8566358,
    2.3704159
  ],
  "Buttes Chaumont": [
    48.889343,
    2.38436
  ],
  "Buzenval": [
    48.8518248,
    2.4013274
  ],
  "Bérault": [
    48.845439,
    2.429261
  ],
  "Cadet": [
    48.8760479,
    2.344683
  ],
  "Cambronne": [
    48.8475232,
    2.3029457
  ],
  "Campo-Formio": [
    48.8351162,
    2.3582026
  ],
  "Cardinal Lemoine": [
    48.8465303,
    2.3518356
  ],
  "Censier Daubenton": [
    48.8406473,
    2.3519334
  ],
  "Champs Élysées, Clémenceau": [
    48.8671799,
    2.3134566
  ],
  "Chardon Lagâche": [
    48.8454285,
    2.2671305
  ],
  "Charenton-Écoles": [
    48.822191,
    2.4128364
  ],
  "Charles Michels": [
    48.84647,
    2.2858803
  ],
  "Charles de Gaulle, Étoile": [
    48.8744088,
    2.295508
  ],
  "Charonne": [
    48.8547411,
    2.3853043
  ],
  "Chaussée d'Antin, La Fayette": [
    48.873754,
    2.3351707
  ],
  "Chemin Vert": [
    48.8574434,
    2.3681408
  ],
  "Chevaleret": [
    48.83495,
    2.3681023
  ],
  "Château Landon": [
    48.8788923,
    2.3624779
  ],
  "Château Rouge": [
    48.8872884,
    2.3495532
  ],
  "Château d'Eau": [
    48.8728919,
    2.3563063
  ],
  "Château de Vincennes": [
    48.8441496,
    2.4393726
  ],
  "Châtelet": [
    48.8587782,
    2.3474106
  ],
  "Châtillon-Montrouge": [
    48.8111619,
    2.3000922
  ],
  "Cité": [
    48.8553219,
    2.3475596
  ],
  "Cluny, La Sorbonne": [
    48.8510938,
    2.3441587
  ],
  "Colonel Fabien": [
    48.8774137,
    2.3710017
  ],
  "Commerce": [
    48.8447112,
    2.2938643
  ],
  "Concorde": [
    48.8661988,
    2.3244166
  ],
  "Convention": [
    48.8372872,
    2.2966539
  ],
  "Corentin Celton": [
    48.8282007,
    2.2731458
  ],
  "Corentin-Cariou": [
    48.8947282,
    2.3823046
  ],
  "Corvisart": [
    48.8298024,
    2.3504805
  ],
  "Cour Saint-Émilion": [
    48.8335432,
    2.3859654
  ],
  "Courcelles": [
    48.8794066,
    2.3043565
  ],
  "Couronnes": [
    48.8690533,
    2.3804541
  ],
  "Crimée": [
    48.8908513,
    2.3773681
  ],
  "Danube": [
    48.8819488,
    2.393338
  ],
  "Daumesnil": [
    48.8395922,
    2.3962319
  ],
  "Denfert Rochereau": [
    48.8342649,
    2.3326427
  ],
  "Dugommier": [
    48.8390379,
    2.3897217
  ],
  "Dupleix": [
    48.8504095,
    2.2936611
  ],
  "Duroc": [
    48.8468433,
    2.3166286
  ],
  "Edgar Quinet": [
    48.84111,
    2.3250699
  ],
  "Europe": [
    48.8787706,
    2.3222823
  ],
  "Exelmans": [
    48.8430044,
    2.2600472
  ],
  "Faidherbe-Chaligny": [
    48.8501609,
    2.3842222
  ],
  "Falguière": [
    48.8445042,
    2.317932
  ],
  "Filles du Calvaire": [
    48.8633194,
    2.3666323
  ],
  "Franklin D. Roosevelt": [
    48.8690339,
    2.3099266
  ],
  "Félix Faure": [
    48.8426775,
    2.2917792
  ],
  "Gaité": [
    48.8386383,
    2.3225137
  ],
  "Galliéni": [
    48.8606483,
    2.3131904
  ],
  "Gambetta": [
    48.8649327,
    2.3980541
  ],
  "Gare d'Austerlitz": [
    48.8417775,
    2.3661406
  ],
  "Gare de Lyon": [
    48.8443818,
    2.3748001
  ],
  "Gare de l'Est": [
    48.8770979,
    2.3594905
  ],
  "Gare du Nord": [
    48.881399,
    2.357438
  ],
  "George V": [
    48.872076,
    2.3004214
  ],
  "Glacière": [
    48.8311451,
    2.3434916
  ],
  "Goncourt": [
    48.8699854,
    2.3710671
  ],
  "Guy Môquet": [
    48.8927389,
    2.3273435
  ],
  "Havre Caumartin": [
    48.873632,
    2.3283124
  ],
  "Hoche": [
    48.876362,
    2.3015161
  ],
  "Hôtel de Ville": [
    48.8562021,
    2.3556193
  ],
  "Invalides": [
    48.8601723,
    2.314497
  ],
  "Iéna": [
    48.8646131,
    2.2937335
  ],
  "Jacques Bonsergent": [
    48.8711191,
    2.3607546
  ],
  "Jasmin": [
    48.8525598,
    2.2681802
  ],
  "Jaurès": [
    48.8825949,
    2.3703263
  ],
  "Javel": [
    48.8463026,
    2.2768999
  ],
  "Jourdain": [
    48.8750944,
    2.38933
  ],
  "Jules Joffrin": [
    48.8925349,
    2.3446536
  ],
  "Jussieu": [
    48.8459626,
    2.354801
  ],
  "Kléber": [
    48.8716801,
    2.2935185
  ],
  "La Chapelle": [
    48.8844068,
    2.3603057
  ],
  "La Fourche": [
    48.886971,
    2.3258228
  ],
  "La Motte Picquet, Grenelle": [
    48.8489809,
    2.2981916
  ],
  "La Muette": [
    48.8579754,
    2.274062
  ],
  "La Tour-Maubourg": [
    48.8575602,
    2.3103234
  ],
  "Lamarck Caulaincourt": [
    48.8897556,
    2.3387677
  ],
  "Laumière": [
    48.8851647,
    2.3794369
  ],
  "Le Kremlin-Bicêtre": [
    48.8093374,
    2.3629202
  ],
  "Le Peletier": [
    48.8748399,
    2.3399568
  ],
  "Ledru Rollin": [
    48.8512945,
    2.3760274
  ],
  "Les Gobelins": [
    48.8356304,
    2.3526735
  ],
  "Les Halles": [
    48.8627067,
    2.3461831
  ],
  "Les Sablons": [
    48.864449,
    2.2825423
  ],
  "Liberté": [
    48.8702566,
    2.3978462
  ],
  "Liège": [
    48.8796039,
    2.3270446
  ],
  "Louis Blanc": [
    48.8813308,
    2.3653555
  ],
  "Louise Michel": [
    48.8877311,
    2.2882219
  ],
  "Lourmel": [
    48.8387364,
    2.2821481
  ],
  "Louvre, Rivoli": [
    48.8625134,
    2.33593
  ],
  "Mabillon": [
    48.8528857,
    2.3349394
  ],
  "Madeleine": [
    48.8704096,
    2.3265686
  ],
  "Mairie d'Issy": [
    48.8784664,
    2.3372958
  ],
  "Mairie d'Ivry": [
    48.8266122,
    2.3571429
  ],
  "Mairie de Montreuil": [
    48.8675159,
    2.3627376
  ],
  "Mairie des Lilas": [
    48.8797369,
    2.4160498
  ],
  "Maison Blanche": [
    48.821569,
    2.3590197
  ],
  "Malesherbes": [
    48.8829752,
    2.3089995
  ],
  "Maraîchers": [
    48.8527267,
    2.4061303
  ],
  "Marcadet Poissonniers": [
    48.8914837,
    2.3497296
  ],
  "Marcel Sembat": [
    48.8986738,
    2.3383323
  ],
  "Marx Dormoy": [
    48.8905061,
    2.3599967
  ],
  "Maubert Mutualité": [
    48.8500649,
    2.3484301
  ],
  "Michel Ange Auteuil": [
    48.8480025,
    2.2641679
  ],
  "Michel Ange Molitor": [
    48.8450092,
    2.26111
  ],
  "Michel Bizot": [
    48.8370694,
    2.4024586
  ],
  "Mirabeau": [
    48.8468116,
    2.2716976
  ],
  "Miromesnil": [
    48.873719,
    2.3145029
  ],
  "Monceau": [
    48.8803157,
    2.3086415
  ],
  "Montgallet": [
    48.844304,
    2.3901962
  ],
  "Montparnasse Bienvenue": [
    48.8421022,
    2.3202714
  ],
  "Mouton-Duvernet": [
    48.8312786,
    2.3298657
  ],
  "Ménilmontant": [
    48.865042,
    2.398929
  ],
  "Nation": [
    48.8476792,
    2.3955176
  ],
  "Nationale": [
    48.8331995,
    2.3628272
  ],